0.869235,0.0325686,0,0.098,0.000196078,0,
0.868078,0.0074902,0,0.123882,0.00054902,0,
0.864569,0.00452941,0,0.130059,0.000843137,0,
0.864333,0.000882353,0,0.133706,0.00105882,1.96078e-05,
0.862392,0.00188235,0,0.134392,0.00131373,1.96078e-05,
0.86202,0.000313725,0,0.135922,0.00172549,1.96078e-05,
0.861725,5.88235e-05,0,0.136157,0.00203922,1.96078e-05,
0.861392,3.92157e-05,0,0.136176,0.00237255,1.96078e-05,
0.858118,0.00311765,0,0.136216,0.0025098,3.92157e-05,
0.85751,0.000823529,0,0.138804,0.00282353,3.92157e-05,
0.857176,0.000156863,0,0.139451,0.00317647,3.92157e-05,
0.856686,0.000215686,0,0.139529,0.00352941,3.92157e-05,
0.856294,0.000117647,0,0.139706,0.00382353,5.88235e-05,
0.856039,1.96078e-05,0,0.139765,0.00411765,5.88235e-05,
0.855627,0,0,0.139784,0.00452941,5.88235e-05,
0.855431,0,0,0.139784,0.00472549,5.88235e-05,
0.853745,0.0015098,0,0.139745,0.00492157,7.84314e-05,
0.852078,0.0014902,0,0.141,0.00533333,9.80392e-05,
0.850314,0.00176471,0,0.142216,0.00560784,9.80392e-05,
0.848373,0.00192157,0,0.143569,0.00603922,9.80392e-05,
0.848176,0.000411765,0,0.14502,0.00629412,9.80392e-05,
0.848,0.000156863,0,0.145235,0.0065098,9.80392e-05,
0.847647,0,0,0.145275,0.00698039,9.80392e-05,
0.847412,0,0,0.145255,0.00721569,0.000117647,
0.847118,0,0,0.145176,0.00758824,0.000117647,
0.846843,0,0,0.145137,0.00790196,0.000117647,
0.846569,0,0,0.145098,0.00819608,0.000137255,
0.846373,0,0,0.14502,0.00847059,0.000137255,
0.84602,0,0,0.145,0.00882353,0.000156863,
0.845824,0,0,0.144941,0.00905882,0.000176471,
0.845588,0,0,0.144902,0.00931373,0.000196078,
0.845314,0,0,0.144765,0.00970588,0.000215686,
0.845,0,0,0.144725,0.0100588,0.000215686,
0.844824,0,0,0.144647,0.0103137,0.000215686,
0.844451,0,0,0.144588,0.0107451,0.000215686,
0.844275,0,0,0.144549,0.0109608,0.000215686,
0.843902,0,0,0.14451,0.0113529,0.000235294,
0.843647,0,0,0.144412,0.0116863,0.000254902,
0.84349,0,0,0.144373,0.0118627,0.00027451,
0.843275,0,0,0.144333,0.012098,0.000294118,
0.843098,0,0,0.144314,0.0122941,0.000294118,
0.842863,0,0,0.144255,0.0125882,0.000294118,
0.842725,0,0,0.144255,0.0127255,0.000294118,
0.84249,0,0,0.144157,0.0130392,0.000313725,
0.842235,0,0,0.144059,0.0133922,0.000313725,
0.842059,0,0,0.144039,0.0135882,0.000313725,
0.841922,0,0,0.14402,0.0137451,0.000313725,
0.841667,0,0,0.144,0.014,0.000333333,
0.841471,0,0,0.144,0.0141961,0.000333333,
0.841275,0,0,0.14398,0.0144118,0.000333333,
0.84098,0,0,0.143961,0.0147255,0.000333333,
0.840804,0,0,0.143902,0.0149412,0.000352941,
0.840569,0,0,0.143824,0.0152549,0.000352941,
0.840412,0,0,0.143784,0.015451,0.000352941,
0.84002,0,0,0.143706,0.0158824,0.000392157,
0.839863,0,0,0.143608,0.016098,0.000431373,
0.838216,0.00135294,0,0.14351,0.0164706,0.00045098,
0.837667,0.000607843,0,0.144529,0.0167451,0.00045098,
0.837412,0.000117647,0,0.14498,0.0170392,0.00045098,
0.837157,1.96078e-05,0,0.145,0.0173529,0.000470588,
0.83698,1.96078e-05,0,0.144961,0.017549,0.000490196,
0.836804,0,0,0.144922,0.0177647,0.000509804,
0.83651,0,0,0.144863,0.0181176,0.000509804,
0.836196,0,0,0.144824,0.0184706,0.000509804,
0.835725,0.000215686,0,0.144745,0.0188039,0.000509804,
0.835431,3.92157e-05,0,0.144902,0.0191176,0.000509804,
0.835255,0,0,0.144941,0.0192941,0.000509804,
0.835059,0,0,0.144882,0.019549,0.000509804,
0.834804,0,0,0.144863,0.0198235,0.000509804,
0.834569,0,0,0.144824,0.020098,0.000509804,
0.834373,0,0,0.144745,0.0203725,0.000509804,
0.834275,0,0,0.144667,0.020549,0.000509804,
0.833961,0,0,0.144647,0.0208824,0.000509804,
0.833745,0,0,0.144608,0.0211373,0.000509804,
0.833569,0,0,0.144549,0.0213725,0.000509804,
0.833294,0,0,0.144549,0.0216471,0.000509804,
0.833176,0,0,0.144529,0.0217843,0.000509804,
0.832863,0,0,0.144471,0.0221176,0.00054902,
0.83251,0,0,0.144373,0.0225686,0.00054902,
0.832176,0,0,0.144353,0.0229216,0.00054902,
0.831941,0,0,0.144333,0.0231765,0.00054902,
0.831824,0,0,0.144314,0.0232941,0.000568627,
0.831549,0,0,0.144275,0.0236078,0.000568627,
0.831235,0,0,0.144196,0.024,0.000568627,
0.830941,0,0,0.144137,0.0243137,0.000607843,
0.830765,0,0,0.144078,0.024549,0.000607843,
0.830569,0,0,0.144039,0.0247843,0.000607843,
0.830373,0,0,0.144,0.025,0.000627451,
0.830059,0,0,0.143941,0.0253529,0.000647059,
0.829922,0,0,0.143941,0.0254902,0.000647059,
0.829706,0,0,0.143843,0.0258039,0.000647059,
0.829549,0,0,0.143765,0.0260392,0.000647059,
0.829392,0,0,0.143725,0.0261961,0.000686275,
0.829176,0,0,0.143725,0.0264118,0.000686275,
0.829039,0,0,0.143706,0.0265686,0.000686275,
0.828882,0,0,0.143706,0.0267255,0.000686275,
0.828588,0,0,0.143627,0.0270784,0.000705882,
0.828392,0,0,0.143627,0.0272745,0.000705882,
0.828059,0,0,0.143569,0.0276667,0.000705882,
0.827804,0,0,0.143529,0.0279608,0.000705882,
0.827647,0,0,0.14351,0.0281373,0.000705882,
0.827353,0,0,0.143373,0.0285686,0.000705882,
0.827039,0,0,0.143373,0.0288824,0.000705882,
0.826686,0,0,0.143294,0.0292941,0.00072549,
0.82651,0,0,0.143255,0.0295098,0.00072549,
0.826373,0,0,0.143216,0.0296863,0.00072549,
0.826137,0,0,0.143216,0.0299216,0.00072549,
0.825824,0,0,0.143137,0.0302941,0.000745098,
0.825588,0,0,0.143059,0.0306078,0.000745098,
0.825235,0,0,0.14302,0.031,0.000745098,
0.825039,0,0,0.14298,0.0312353,0.000745098,
0.824392,0.000333333,0,0.142941,0.0315882,0.000745098,
0.824118,5.88235e-05,0,0.143157,0.0319216,0.000745098,
0.823961,1.96078e-05,0,0.143157,0.0321176,0.000745098,
0.823882,0,0,0.143137,0.0322353,0.000745098,
0.823725,1.96078e-05,0,0.143118,0.0323922,0.000745098,
0.823549,0,0,0.143098,0.0326078,0.000745098,
0.823314,0,0,0.143039,0.0328824,0.000764706,
0.822941,0,0,0.143039,0.0332549,0.000764706,
0.822784,0,0,0.142961,0.0334706,0.000784314,
0.822608,0,0,0.142902,0.0337059,0.000784314,
0.822353,0,0,0.142843,0.0340196,0.000784314,
0.822118,0,0,0.142804,0.0342745,0.000803922,
0.82198,0,0,0.142784,0.0344314,0.000803922,
0.821725,0,0,0.142745,0.0346863,0.000843137,
0.821451,1.96078e-05,0,0.142667,0.0350196,0.000843137,
0.821314,0,0,0.142647,0.0351961,0.000843137,
0.821039,0,0,0.142627,0.0354706,0.000862745,
0.820725,0,0,0.142549,0.0358627,0.000862745,
0.82049,0,0,0.142549,0.036098,0.000862745,
0.820176,0,0,0.14249,0.0364706,0.000862745,
0.819922,0,0,0.142451,0.0367647,0.000862745,
0.819725,1.96078e-05,0,0.142451,0.0369412,0.000862745,
0.819471,1.96078e-05,0,0.142431,0.0372157,0.000862745,
0.819373,0,0,0.142431,0.0373137,0.000882353,
0.819118,0,0,0.142333,0.0376667,0.000882353,
0.818941,0,0,0.142275,0.0378824,0.000901961,
0.818784,0,0,0.142275,0.0380392,0.000901961,
0.818451,1.96078e-05,0,0.142235,0.0383725,0.000921569,
0.818235,0,0,0.142255,0.0385686,0.000941176,
0.818078,0,0,0.142255,0.0387059,0.000960784,
0.817902,0,0,0.142235,0.0388824,0.000980392,
0.817745,0,0,0.142216,0.0390588,0.000980392,
0.817569,0,0,0.142137,0.0393137,0.000980392,
0.817333,0,0,0.142059,0.0396275,0.000980392,
0.817059,0,0,0.14198,0.0399608,0.001,
0.816941,0,0,0.141961,0.040098,0.001,
0.816686,0,0,0.141902,0.0403922,0.00101961,
0.816451,0,0,0.141863,0.0406667,0.00101961,
0.816118,0,0,0.141843,0.041,0.00103922,
0.815725,0,0,0.141765,0.0414706,0.00103922,
0.815627,0,0,0.141725,0.0416078,0.00103922,
0.815451,0,0,0.141725,0.0417843,0.00103922,
0.815196,0,0,0.141627,0.0421373,0.00103922,
0.814902,0,0,0.141608,0.0424314,0.00105882,
0.814882,0,0,0.141569,0.0424902,0.00105882,
0.814824,0,0,0.141549,0.0425686,0.00105882,
0.814647,0,0,0.14151,0.0427843,0.00105882,
0.81449,0,0,0.141471,0.0429804,0.00105882,
0.814255,0,0,0.141412,0.0432549,0.00107843,
0.81402,0,0,0.141373,0.0435294,0.00107843,
0.813824,0,0,0.141373,0.0437255,0.00107843,
0.813627,0,0,0.141353,0.0439412,0.00107843,
0.813529,0,0,0.141314,0.0440784,0.00107843,
0.813216,0,0,0.141255,0.044451,0.00107843,
0.813,0,0,0.141176,0.0447451,0.00107843,
0.812824,0,0,0.141137,0.0449608,0.00107843,
0.812608,0,0,0.141078,0.0452353,0.00107843,
0.81251,0,0,0.141039,0.0453725,0.00107843,
0.812275,0,0,0.14102,0.0455882,0.00111765,
0.812,0,0,0.141,0.0458824,0.00111765,
0.811804,0,0,0.14098,0.046098,0.00111765,
0.811569,0,0,0.140941,0.0463725,0.00111765,
0.811431,0,0,0.140922,0.0465294,0.00111765,
0.811098,1.96078e-05,0,0.140882,0.0468627,0.00113725,
0.810941,0,0,0.140863,0.0470392,0.00115686,
0.810686,0,0,0.140745,0.0474118,0.00115686,
0.809235,0.00133333,0,0.140667,0.0476078,0.00115686,
0.809039,0.000352941,0,0.141569,0.0478627,0.00117647,
0.807431,0.00147059,0,0.141843,0.0480784,0.00117647,
0.807196,0.000235294,0,0.143059,0.0483333,0.00117647,
0.806941,0,0,0.143255,0.0486275,0.00117647,
0.806824,0,0,0.143216,0.0487843,0.00117647,
0.806647,0,0,0.143196,0.0489804,0.00117647,
0.806529,0,0,0.143157,0.0491373,0.00117647,
0.806333,0,0,0.143118,0.0493725,0.00117647,
0.806157,1.96078e-05,0,0.14302,0.0496275,0.00117647,
0.805706,0,0,0.14298,0.0501373,0.00117647,
0.805569,0,0,0.142922,0.0503333,0.00117647,
0.805392,0,0,0.142902,0.0505294,0.00117647,
0.805275,0,0,0.142843,0.0507059,0.00117647,
0.805059,0,0,0.142725,0.0510392,0.00117647,
0.804863,0,0,0.142725,0.0512353,0.00117647,
0.804608,0,0,0.142647,0.0515686,0.00117647,
0.804314,0,0,0.142588,0.0519216,0.00117647,
0.804196,0,0,0.142549,0.0520784,0.00117647,
0.803941,0,0,0.142529,0.0523137,0.00121569,
0.803706,0,0,0.14251,0.0525686,0.00121569,
0.803588,0,0,0.142471,0.0527059,0.00123529,
0.803431,0,0,0.142451,0.0528627,0.0012549,
0.803255,0,0,0.142412,0.0530784,0.0012549,
0.803,0,0,0.142373,0.0533725,0.0012549,
0.802824,0,0,0.142373,0.053549,0.0012549,
0.802588,0,0,0.142314,0.0538431,0.0012549,
0.802412,0,0,0.142314,0.054,0.00127451,
0.802314,0,0,0.142275,0.0541373,0.00127451,
0.802216,0,0,0.142216,0.0542745,0.00129412,
0.80198,1.96078e-05,0,0.142137,0.0545686,0.00129412,
0.801863,3.92157e-05,0,0.142098,0.0547059,0.00129412,
0.801647,0,0,0.142137,0.0549216,0.00129412,
0.801392,0,0,0.142078,0.0552157,0.00131373,
0.801255,0,0,0.142039,0.0553922,0.00131373,
0.80102,0,0,0.14202,0.0556471,0.00131373,
0.800824,0,0,0.141902,0.0559608,0.00131373,
0.800627,1.96078e-05,0,0.141804,0.0562353,0.00131373,
0.800569,0,0,0.141784,0.0563333,0.00131373,
0.800353,0,0,0.141765,0.0565686,0.00131373,
0.800118,0,0,0.141725,0.0568431,0.00131373,
0.800078,0,0,0.141706,0.0568824,0.00133333,
0.799824,0,0,0.141706,0.0571176,0.00135294,
0.799588,0,0,0.141627,0.0574314,0.00135294,
0.799392,0,0,0.141549,0.0577059,0.00135294,
0.799314,0,0,0.141529,0.0578039,0.00135294,
0.799176,0,0,0.14149,0.0579804,0.00135294,
0.798804,0,0,0.141451,0.0583529,0.00139216,
0.798588,0,0,0.141412,0.0586078,0.00139216,
0.798471,0,0,0.141412,0.0587255,0.00139216,
0.798412,0,0,0.141412,0.0587647,0.00141176,
0.798196,0,0,0.141412,0.0589804,0.00141176,
0.79798,0,0,0.141392,0.0592157,0.00141176,
0.797863,0,0,0.141275,0.059451,0.00141176,
0.797667,0,0,0.141255,0.0596667,0.00141176,
0.797608,0,0,0.141235,0.0597451,0.00141176,
0.797431,0,0,0.141157,0.06,0.00141176,
0.795765,0.00156863,0,0.141118,0.0601373,0.00141176,
0.794118,0.00172549,0,0.142392,0.0603333,0.00143137,
0.793863,0.000372549,0,0.143745,0.0605686,0.00145098,
0.793549,0.000176471,0,0.143961,0.0608627,0.00145098,
0.793235,7.84314e-05,0,0.144,0.0612353,0.00145098,
0.79302,0,0,0.144059,0.0614706,0.00145098,
0.792843,0,0,0.144039,0.0616667,0.00145098,
0.791059,0.00162745,0,0.144,0.0618627,0.00145098,
0.789294,0.00201961,0,0.145216,0.0620196,0.00145098,
0.789118,0.000372549,0,0.146804,0.0622549,0.00145098,
0.789,3.92157e-05,0,0.147118,0.0623922,0.00145098,
0.788961,1.96078e-05,0,0.147098,0.0624706,0.00145098,
0.788765,0,0,0.147078,0.0627059,0.00145098,
0.788412,0,0,0.14698,0.0631569,0.00145098,
0.788275,0,0,0.146863,0.0633922,0.00147059,
0.786745,0.00135294,0,0.146745,0.0636863,0.00147059,
0.786647,0.000137255,0,0.147941,0.0638039,0.00147059,
0.786451,1.96078e-05,0,0.14798,0.0640784,0.00147059,
0.786235,0,0,0.148,0.0642941,0.00147059,
0.785961,0,0,0.147961,0.0646078,0.00147059,
0.785686,0,0,0.147922,0.0648824,0.0015098,
0.785529,0,0,0.147843,0.0651176,0.0015098,
0.785333,0,0,0.147804,0.0653529,0.0015098,
0.785118,0,0,0.147686,0.0656863,0.0015098,
0.784941,0,0,0.147686,0.0658627,0.0015098,
0.784627,0,0,0.147667,0.0661961,0.0015098,
0.784412,0,0,0.147608,0.066451,0.00152941,
0.784196,0,0,0.147549,0.0667255,0.00152941,
0.784196,0,0,0.147549,0.0667255,0.00152941,
0.783961,0,0,0.147451,0.0670392,0.00154902,
0.783804,0,0,0.147431,0.0672157,0.00154902,
0.783647,0,0,0.147373,0.0674314,0.00154902,
0.783471,1.96078e-05,0,0.147294,0.0676471,0.00156863,
0.783314,0,0,0.147275,0.0678431,0.00156863,
0.783216,0,0,0.147157,0.0680588,0.00156863,
0.783176,0,0,0.147059,0.0681961,0.00156863,
0.782941,0,0,0.147039,0.0684314,0.00158824,
0.782569,0,0,0.14698,0.0688431,0.00160784,
0.782431,0,0,0.146922,0.0690392,0.00160784,
0.782235,0,0,0.146902,0.0692549,0.00160784,
0.781922,1.96078e-05,0,0.146843,0.0696078,0.00160784,
0.781863,0,0,0.146804,0.0697255,0.00160784,
0.781569,0,0,0.146765,0.0700588,0.00160784,
0.781255,0,0,0.146686,0.070451,0.00160784,
0.781157,0,0,0.146686,0.070549,0.00160784,
0.780961,0,0,0.146667,0.0707647,0.00160784,
0.780765,0,0,0.146647,0.0709804,0.00160784,
0.780608,0,0,0.146647,0.0711373,0.00160784,
0.780451,0,0,0.146627,0.0713137,0.00160784,
0.780373,0,0,0.146608,0.0714118,0.00160784,
0.780255,0,0,0.146549,0.0715882,0.00160784,
0.780059,0,0,0.14649,0.0718235,0.00162745,
0.779804,0,0,0.146431,0.0721373,0.00162745,
0.779549,0,0,0.146392,0.0724118,0.00164706,
0.779373,0,0,0.146353,0.0726078,0.00166667,
0.779098,0,0,0.146314,0.0729216,0.00166667,
0.77898,0,0,0.146255,0.073098,0.00166667,
0.778941,0,0,0.146216,0.0731569,0.00168627,
0.778725,1.96078e-05,0,0.146137,0.0734314,0.00168627,
0.778549,1.96078e-05,0,0.146118,0.0736275,0.00168627,
0.778373,1.96078e-05,0,0.146078,0.0738431,0.00168627,
0.778196,1.96078e-05,0,0.146039,0.0740588,0.00168627,
0.778039,1.96078e-05,0,0.14598,0.0742549,0.00170588,
0.777824,0,0,0.145902,0.074549,0.00172549,
0.777706,0,0,0.145882,0.0746863,0.00172549,
0.777608,0,0,0.145843,0.0748235,0.00172549,
0.777353,0,0,0.145824,0.0750784,0.0017451,
0.777137,0,0,0.145686,0.0754314,0.0017451,
0.776902,0,0,0.145608,0.0757451,0.0017451,
0.776725,0,0,0.145569,0.0759608,0.0017451,
0.776549,0,0,0.145529,0.0761765,0.0017451,
0.776314,0,0,0.14551,0.0764314,0.0017451,
0.77602,0,0,0.145451,0.0767843,0.0017451,
0.77598,0,0,0.145392,0.0768824,0.0017451,
0.775784,0,0,0.145392,0.0770784,0.0017451,
0.775549,0,0,0.145353,0.0773529,0.0017451,
0.775392,0,0,0.145275,0.0775882,0.0017451,
0.775157,0,0,0.145255,0.0778235,0.00176471,
0.775059,0,0,0.145216,0.0779412,0.00178431,
0.774882,1.96078e-05,0,0.145157,0.0781569,0.00178431,
0.774588,5.88235e-05,0,0.145098,0.0784706,0.00178431,
0.774431,3.92157e-05,0,0.145059,0.0786863,0.00178431,
0.773,0.00123529,0,0.145098,0.0788824,0.00178431,
0.772882,0.000254902,0,0.14598,0.079098,0.00178431,
0.772745,7.84314e-05,0,0.146176,0.0792157,0.00178431,
0.772647,0,0,0.146196,0.0793725,0.00178431,
0.772392,0,0,0.146196,0.0796078,0.00180392,
0.772137,0,0,0.146176,0.0798824,0.00180392,
0.772,0,0,0.146098,0.0800784,0.00182353,
0.771843,0,0,0.146078,0.0802549,0.00182353,
0.771627,0,0,0.14602,0.0805098,0.00184314,
0.771373,0,0,0.14598,0.0808039,0.00184314,
0.77,0.00123529,0,0.145961,0.0809412,0.00186275,
0.769863,0.000215686,0,0.146941,0.0811176,0.00186275,
0.758686,0.0111373,0,0.146922,0.0813922,0.00186275,
0.758431,0.00227451,0,0.155686,0.0817451,0.00186275,
0.758255,0.000313725,0,0.157627,0.0819412,0.00186275,
0.75551,0.00268627,0,0.157843,0.082098,0.00186275,
0.753843,0.00190196,0,0.15998,0.0824118,0.00186275,
0.753647,0.000411765,0,0.161392,0.0826863,0.00186275,
0.753392,0.000117647,0,0.161667,0.0829608,0.00186275,
0.751569,0.00166667,0,0.161647,0.0832549,0.00186275,
0.751529,0.000313725,0,0.162902,0.0833922,0.00186275,
0.751353,9.80392e-05,0,0.163098,0.0835686,0.00188235,
0.751216,3.92157e-05,0,0.163157,0.0837059,0.00188235,
0.751,1.96078e-05,0,0.163176,0.0839216,0.00188235,
0.750765,0,0,0.163118,0.0842353,0.00188235,
0.750725,0,0,0.163078,0.0843137,0.00188235,
0.750569,0,0,0.163078,0.0844706,0.00188235,
0.750471,0,0,0.163078,0.0845686,0.00188235,
0.750294,0,0,0.163,0.0848235,0.00188235,
0.750216,1.96078e-05,0,0.162922,0.0849412,0.00190196,
0.750098,0,0,0.162824,0.0851765,0.00190196,
0.749922,0,0,0.162804,0.0853725,0.00190196,
0.749725,1.96078e-05,0,0.162765,0.0855882,0.00190196,
0.749529,0,0,0.162725,0.0858431,0.00190196,
0.749392,0,0,0.162725,0.0859804,0.00190196,
0.749255,0,0,0.162686,0.0861569,0.00190196,
0.749176,0,0,0.162627,0.0862941,0.00190196,
0.74902,0,0,0.162608,0.0864706,0.00190196,
0.74898,0,0,0.16251,0.0866078,0.00190196,
0.748843,0,0,0.162431,0.0868039,0.00192157,
0.748863,0,0,0.162333,0.0868824,0.00192157,
0.748725,0,0,0.162294,0.0870588,0.00192157,
0.748549,0,0,0.162255,0.0872745,0.00192157,
0.748431,0,0,0.162176,0.0874706,0.00192157,
0.748275,0,0,0.162137,0.0876471,0.00194118,
0.748196,0,0,0.162098,0.0877647,0.00194118,
0.748,1.96078e-05,0,0.16202,0.0880196,0.00194118,
0.747765,0,0,0.162,0.0882941,0.00194118,
0.747588,0,0,0.161882,0.0885882,0.00194118,
0.747392,0,0,0.161784,0.0888431,0.00198039,
0.747431,0,0,0.161765,0.0888039,0.002,
0.747275,0,0,0.161725,0.089,0.002,
0.747118,0,0,0.161725,0.0891569,0.002,
0.746784,0,0,0.161627,0.0895882,0.002,
0.746549,1.96078e-05,0,0.161549,0.0898627,0.00201961,
0.74651,1.96078e-05,0,0.16149,0.0899608,0.00201961,
0.746373,0,0,0.161412,0.0901961,0.00201961,
0.746255,1.96078e-05,0,0.161333,0.0903725,0.00201961,
0.74602,0,0,0.161333,0.0906275,0.00201961,
0.745882,0,0,0.161294,0.0908039,0.00201961,
0.745765,0,0,0.161275,0.0909412,0.00201961,
0.745627,0,0,0.161176,0.0911765,0.00201961,
0.745373,0,0,0.161137,0.0914706,0.00201961,
0.745333,0,0,0.161078,0.0915686,0.00201961,
0.745216,0,0,0.161059,0.0916667,0.00205882,
0.745118,0,0,0.16098,0.0918431,0.00205882,
0.745039,0,0,0.160882,0.0920196,0.00205882,
0.745,0,0,0.160863,0.0920784,0.00205882,
0.744765,0,0,0.160765,0.0923922,0.00207843,
0.744706,0,0,0.160706,0.0925098,0.00207843,
0.74449,0,0,0.160667,0.0927647,0.00207843,
0.74449,0,0,0.160647,0.0927843,0.00207843,
0.744353,0,0,0.160627,0.0929412,0.00207843,
0.744157,0,0,0.160608,0.0931569,0.00207843,
0.744098,0,0,0.160529,0.0932941,0.00207843,
0.743863,0,0,0.16049,0.0935686,0.00207843,
0.743765,0,0,0.160431,0.0937255,0.00207843,
0.743706,0,0,0.160333,0.0938824,0.00207843,
0.725059,0.0186275,0,0.160255,0.0939608,0.00209804,
0.716529,0.012098,0,0.175098,0.0941765,0.00209804,
0.716216,0.00290196,0,0.184314,0.094451,0.00211765,
0.716,0.000666667,0,0.186569,0.0946275,0.00213725,
0.715922,0.000176471,0,0.187,0.0947647,0.00213725,
0.715882,5.88235e-05,0,0.187078,0.0948431,0.00213725,
0.715882,1.96078e-05,0,0.187118,0.0948431,0.00213725,
0.715843,0,0,0.187098,0.0949216,0.00213725,
0.715784,1.96078e-05,0,0.187059,0.095,0.00213725,
0.715745,0,0,0.187059,0.0950392,0.00215686,
0.715549,0,0,0.187059,0.0952353,0.00215686,
0.715412,0,0,0.187039,0.0953922,0.00215686,
0.715373,0,0,0.186961,0.0955098,0.00215686,
0.715294,0,0,0.186882,0.0956667,0.00215686,
0.715157,0,0,0.186863,0.0958235,0.00215686,
0.715118,0,0,0.186843,0.0958627,0.00217647,
0.714941,0,0,0.186804,0.0960784,0.00217647,
0.714686,0,0,0.186745,0.0963725,0.00219608,
0.714588,0,0,0.186686,0.0965098,0.00221569,
0.714431,0,0,0.186667,0.0966863,0.00221569,
0.714392,0,0,0.186647,0.0967451,0.00221569,
0.714137,1.96078e-05,0,0.186588,0.0970392,0.00221569,
0.714059,0,0,0.186529,0.0971765,0.00223529,
0.713882,0,0,0.18651,0.0973725,0.00223529,
0.713863,0,0,0.18649,0.0974118,0.00223529,
0.713647,1.96078e-05,0,0.186392,0.0977059,0.00223529,
0.71349,0,0,0.186373,0.097902,0.00223529,
0.713333,0,0,0.186294,0.0981373,0.00223529,
0.713118,0,0,0.186235,0.0983922,0.0022549,
0.712961,0,0,0.186216,0.0985686,0.0022549,
0.712882,0,0,0.186216,0.0986471,0.0022549,
0.712941,0,0,0.186118,0.0986863,0.0022549,
0.712765,0,0,0.18602,0.0989608,0.0022549,
0.712667,1.96078e-05,0,0.186,0.0990588,0.0022549,
0.712569,0,0,0.18598,0.0991961,0.0022549,
0.712353,0,0,0.185922,0.0994706,0.0022549,
0.712059,0,0,0.185882,0.0997843,0.00227451,
0.71198,0,0,0.185863,0.0998627,0.00229412,
0.711784,0,0,0.185784,0.100137,0.00229412,
0.711784,0,0,0.185608,0.100314,0.00229412,
0.711765,0,0,0.185529,0.100412,0.00229412,
0.711529,0,0,0.18551,0.100667,0.00229412,
0.711353,1.96078e-05,0,0.185451,0.100882,0.00229412,
0.711314,0,0,0.185412,0.10098,0.00229412,
0.711275,1.96078e-05,0,0.185353,0.101059,0.00229412,
0.711137,0,0,0.185333,0.101216,0.00231373,
0.71098,1.96078e-05,0,0.185294,0.101392,0.00231373,
0.710745,0,0,0.185275,0.101667,0.00231373,
0.710588,0,0,0.185216,0.101863,0.00233333,
0.710314,0,0,0.185176,0.102176,0.00233333,
0.710216,0,0,0.185118,0.102333,0.00233333,
0.710157,0,0,0.185059,0.102451,0.00233333,
0.71002,0,0,0.18502,0.102627,0.00233333,
0.709941,0,0,0.184941,0.102784,0.00233333,
0.709804,1.96078e-05,0,0.184882,0.102961,0.00233333,
0.709647,0,0,0.184863,0.103157,0.00233333,
0.709588,0,0,0.184843,0.103235,0.00233333,
0.709529,0,0,0.184765,0.103373,0.00233333,
0.709471,0,0,0.184686,0.10351,0.00233333,
0.709412,0,0,0.184667,0.103588,0.00233333,
0.709255,1.96078e-05,0,0.184549,0.103843,0.00233333,
0.709176,1.96078e-05,0,0.184431,0.10402,0.00235294,
0.709098,0,0,0.184451,0.104098,0.00235294,
0.709039,0,0,0.184373,0.104235,0.00235294,
0.708745,0,0,0.184353,0.104549,0.00235294,
0.708588,0,0,0.184235,0.104824,0.00235294,
0.708392,0,0,0.184196,0.105059,0.00235294,
0.708255,0,0,0.184176,0.105216,0.00235294,
0.708196,0,0,0.184137,0.105314,0.00235294,
0.708137,0,0,0.184098,0.105412,0.00235294,
0.70802,0,0,0.18402,0.105608,0.00235294,
0.708098,0,0,0.184,0.105549,0.00235294,
0.708,1.96078e-05,0,0.18398,0.105647,0.00235294,
0.707902,0,0,0.18398,0.105765,0.00235294,
0.707804,0,0,0.183922,0.105922,0.00235294,
0.707706,1.96078e-05,0,0.183922,0.106,0.00235294,
0.707647,1.96078e-05,0,0.183882,0.106098,0.00235294,
0.707529,0,0,0.183843,0.106255,0.00237255,
0.707392,0,0,0.183784,0.106451,0.00237255,
0.707314,0,0,0.183765,0.106549,0.00237255,
0.707176,0,0,0.183667,0.106784,0.00237255,
0.707078,0,0,0.183627,0.106922,0.00237255,
0.706882,0,0,0.183569,0.107176,0.00237255,
0.706863,0,0,0.183529,0.107235,0.00237255,
0.706725,0,0,0.183451,0.107451,0.00237255,
0.706431,0,0,0.183451,0.107745,0.00237255,
0.706451,0,0,0.183392,0.107784,0.00237255,
0.706412,1.96078e-05,0,0.183353,0.107843,0.00237255,
0.706392,0,0,0.183353,0.107882,0.00237255,
0.706353,0,0,0.183314,0.107941,0.00239216,
0.706235,0,0,0.183294,0.108078,0.00239216,
0.706235,0,0,0.183235,0.108137,0.00239216,
0.70602,0,0,0.183235,0.108353,0.00239216,
0.705843,0,0,0.183157,0.108608,0.00239216,
0.705627,0,0,0.183137,0.108843,0.00239216,
0.705529,0,0,0.183137,0.108941,0.00239216,
0.705255,0,0,0.183078,0.109275,0.00239216,
0.705078,0,0,0.183078,0.109451,0.00239216,
0.704902,0,0,0.182961,0.109745,0.00239216,
0.704882,0,0,0.182843,0.109882,0.00239216,
0.704804,0,0,0.182804,0.10998,0.00241176,
0.704588,0,0,0.182784,0.110176,0.00245098,
0.704529,0,0,0.182725,0.110275,0.00247059,
0.704373,0,0,0.182686,0.110471,0.00247059,
0.704373,0,0,0.182667,0.11049,0.00247059,
0.704196,1.96078e-05,0,0.182627,0.110686,0.00247059,
0.703961,0,0,0.182608,0.110961,0.00247059,
0.703667,0,0,0.182549,0.111314,0.00247059,
0.703667,0,0,0.182431,0.111431,0.00247059,
0.703549,0,0,0.182333,0.111647,0.00247059,
0.703529,0,0,0.182275,0.111686,0.0025098,
0.703431,0,0,0.182196,0.111843,0.00252941,
0.703196,0,0,0.182118,0.112137,0.00254902,
0.703137,0,0,0.182098,0.112216,0.00254902,
0.703098,1.96078e-05,0,0.182078,0.112255,0.00254902,
0.70298,3.92157e-05,0,0.18198,0.112451,0.00254902,
0.702863,0,0,0.181961,0.112627,0.00254902,
0.702745,0,0,0.181843,0.112863,0.00254902,
0.702804,0,0,0.181804,0.112843,0.00254902,
0.702863,0,0,0.181725,0.112863,0.00254902,
0.702745,0,0,0.181627,0.113078,0.00254902,
0.702667,0,0,0.181569,0.113216,0.00254902,
0.702725,0,0,0.18151,0.113196,0.00256863,
0.702627,0,0,0.181451,0.113353,0.00256863,
0.702686,0,0,0.181373,0.113373,0.00256863,
0.70249,0,0,0.181314,0.113608,0.00258824,
0.702353,0,0,0.181255,0.113804,0.00258824,
0.702235,0,0,0.181176,0.114,0.00258824,
0.70202,1.96078e-05,0,0.181118,0.114255,0.00258824,
0.702,0,0,0.181098,0.114314,0.00258824,
0.701882,0,0,0.18102,0.11451,0.00258824,
0.701843,0,0,0.180941,0.114627,0.00258824,
0.701686,0,0,0.180902,0.114784,0.00262745,
0.701686,0,0,0.180824,0.114863,0.00262745,
0.701608,0,0,0.180784,0.11498,0.00262745,
0.701569,0,0,0.180745,0.115059,0.00262745,
0.701353,3.92157e-05,0,0.180667,0.115314,0.00262745,
0.701314,0,0,0.180667,0.115392,0.00262745,
0.701333,0,0,0.180608,0.115431,0.00262745,
0.701235,1.96078e-05,0,0.180529,0.115588,0.00262745,
0.701137,0,0,0.180392,0.115843,0.00262745,
0.70098,0,0,0.180392,0.116,0.00262745,
0.700765,3.92157e-05,0,0.180333,0.116216,0.00264706,
0.692922,0.00766667,0,0.180255,0.11651,0.00264706,
0.686922,0.00762745,0,0.186353,0.116451,0.00264706,
0.686922,0.00143137,0,0.192471,0.116529,0.00264706,
0.686941,0.000156863,0,0.193667,0.116588,0.00264706,
0.686843,0,0,0.193765,0.116745,0.00264706,
0.668608,0.0181373,0,0.193745,0.116863,0.00264706,
0.664804,0.0074902,0,0.208059,0.117,0.00264706,
0.662922,0.00356863,0,0.213843,0.11702,0.00264706,
0.662843,0.00072549,0,0.216667,0.117098,0.00266667,
0.662863,0.000176471,0,0.217118,0.117176,0.00266667,
0.661686,0.00113725,0,0.217137,0.117373,0.00266667,
0.661588,0.00027451,0,0.217941,0.11751,0.00268627,
0.661529,7.84314e-05,0,0.218098,0.117608,0.00268627,
0.656471,0.00501961,0,0.218,0.117804,0.00270588,
0.656275,0.00101961,0,0.222039,0.117961,0.00270588,
0.656275,0.000196078,0,0.222804,0.11802,0.00270588,
0.656373,1.96078e-05,0,0.222882,0.11802,0.00270588,
0.656255,0,0,0.222863,0.118157,0.00272549,
0.656196,0,0,0.222784,0.118275,0.0027451,
0.656,0,0,0.222745,0.11849,0.00276471,
0.655902,0,0,0.222627,0.118706,0.00276471,
0.655686,0,0,0.222529,0.11902,0.00276471,
0.655647,0,0,0.222412,0.119157,0.00278431,
0.655627,0,0,0.222294,0.119294,0.00278431,
0.655627,0,0,0.222216,0.119373,0.00278431,
0.655471,0,0,0.222137,0.119588,0.00280392,
0.655353,0,0,0.222098,0.119725,0.00282353,
0.655333,1.96078e-05,0,0.222039,0.119784,0.00282353,
0.655294,0,0,0.221922,0.119961,0.00282353,
0.655275,0,0,0.221902,0.12,0.00282353,
0.655137,1.96078e-05,0,0.221843,0.120176,0.00282353,
0.654824,0.000294118,0,0.221765,0.120294,0.00282353,
0.654745,1.96078e-05,0,0.221922,0.12049,0.00282353,
0.654706,1.96078e-05,0,0.221824,0.120608,0.00284314,
0.654667,0,0,0.221804,0.120686,0.00284314,
0.654627,0,0,0.221725,0.120804,0.00284314,
0.654431,0,0,0.221608,0.121118,0.00284314,
0.654373,0,0,0.221529,0.121255,0.00284314,
0.654392,0,0,0.221451,0.121314,0.00284314,
0.654392,0,0,0.221333,0.121431,0.00284314,
0.654314,0,0,0.221294,0.121549,0.00284314,
0.654196,0,0,0.221235,0.121725,0.00284314,
0.653961,0,0,0.221137,0.122059,0.00284314,
0.653863,0,0,0.221039,0.122255,0.00284314,
0.653686,7.84314e-05,0,0.221039,0.122353,0.00284314,
0.653216,0.000254902,0,0.221039,0.122647,0.00284314,
0.653275,5.88235e-05,0,0.221078,0.122725,0.00286275,
0.653196,5.88235e-05,0,0.22098,0.122902,0.00286275,
0.652882,0.00027451,0,0.22102,0.122961,0.00286275,
0.65102,0.00180392,0,0.221078,0.123235,0.00286275,
0.650922,0.000392157,0,0.222451,0.123373,0.00286275,
0.650843,7.84314e-05,0,0.222686,0.123529,0.00286275,
0.650706,5.88235e-05,0,0.222667,0.123706,0.00286275,
0.650569,1.96078e-05,0,0.222647,0.123902,0.00286275,
0.650373,0,0,0.222588,0.124176,0.00286275,
0.650255,0,0,0.222529,0.124333,0.00288235,
0.650078,0,0,0.222471,0.124529,0.00292157,
0.65,0,0,0.222353,0.124725,0.00292157,
0.649922,0,0,0.222314,0.124824,0.00294118,
0.65,0,0,0.222235,0.124824,0.00294118,
0.649902,0,0,0.222235,0.124922,0.00294118,
0.649765,0,0,0.222216,0.125078,0.00294118,
0.649529,0,0,0.222176,0.125353,0.00294118,
0.649353,0,0,0.222137,0.125549,0.00296078,
0.649275,0,0,0.222098,0.125667,0.00296078,
0.649118,0,0,0.222078,0.125824,0.00298039,
0.649039,0,0,0.222078,0.125902,0.00298039,
0.64902,0,0,0.222059,0.125941,0.00298039,
0.648843,0,0,0.221961,0.126216,0.00298039,
0.648765,0,0,0.221922,0.126314,0.003,
0.64851,0,0,0.221863,0.126627,0.003,
0.648431,0,0,0.221725,0.126843,0.003,
0.648471,0,0,0.221686,0.126843,0.003,
0.648235,0,0,0.221667,0.127098,0.003,
0.648,0,0,0.221588,0.127412,0.003,
0.647961,0,0,0.22151,0.127529,0.003,
0.648,0,0,0.22151,0.12749,0.003,
0.648039,0,0,0.221392,0.127569,0.003,
0.648,0,0,0.221314,0.127686,0.003,
0.647745,9.80392e-05,0,0.221294,0.127843,0.00301961,
0.647745,0,0,0.221333,0.127902,0.00301961,
0.647647,1.96078e-05,0,0.221255,0.128059,0.00301961,
0.647627,1.96078e-05,0,0.221216,0.128098,0.00303922,
0.647569,0,0,0.221176,0.128216,0.00303922,
0.647588,0,0,0.221118,0.128255,0.00303922,
0.647647,0,0,0.221059,0.128255,0.00303922,
0.647608,0,0,0.220941,0.128373,0.00307843,
0.644627,0.00290196,0,0.220922,0.128471,0.00307843,
0.644471,0.000607843,0,0.223078,0.128745,0.00309804,
0.644353,0.000117647,0,0.223529,0.128882,0.00311765,
0.644176,3.92157e-05,0,0.223569,0.129098,0.00311765,
0.64402,0,0,0.223588,0.129275,0.00311765,
0.64398,0,0,0.223471,0.129412,0.00313725,
0.643902,0,0,0.223373,0.129588,0.00313725,
0.643902,0,0,0.223294,0.129667,0.00313725,
0.643843,1.96078e-05,0,0.223235,0.129765,0.00313725,
0.643765,0,0,0.223176,0.129922,0.00313725,
0.643647,0,0,0.223157,0.130059,0.00313725,
0.643549,0,0,0.223059,0.130235,0.00315686,
0.643627,0,0,0.22298,0.130235,0.00315686,
0.643608,0,0,0.222843,0.130373,0.00317647,
0.643549,0,0,0.222725,0.130549,0.00317647,
0.643275,1.96078e-05,0,0.222667,0.130863,0.00317647,
0.643275,1.96078e-05,0,0.222647,0.130882,0.00317647,
0.643059,3.92157e-05,0,0.222608,0.131118,0.00317647,
0.642922,0,0,0.222627,0.131275,0.00317647,
0.642863,0,0,0.22249,0.131471,0.00317647,
0.642765,0,0,0.222451,0.131608,0.00317647,
0.642725,0,0,0.222392,0.131706,0.00317647,
0.642706,0,0,0.222373,0.131725,0.00319608,
0.641608,0.001,0,0.222255,0.131941,0.00319608,
0.639176,0.00264706,0,0.22298,0.132,0.00319608,
0.639196,0.000607843,0,0.224941,0.132059,0.00319608,
0.638569,0.000627451,0,0.225373,0.132216,0.00321569,
0.638549,9.80392e-05,0,0.225843,0.132294,0.00321569,
0.638569,1.96078e-05,0,0.225882,0.132314,0.00321569,
0.638549,1.96078e-05,0,0.225863,0.132353,0.00321569,
0.638627,0,0,0.225843,0.132314,0.00321569,
0.630451,0.00807843,0,0.225784,0.132451,0.00323529,
0.618157,0.0138039,0,0.232196,0.132608,0.00323529,
0.61802,0.00272549,0,0.243176,0.132843,0.00323529,
0.608667,0.00960784,0,0.245431,0.133059,0.00323529,
0.599824,0.0108824,0,0.252902,0.133137,0.0032549,
0.598667,0.00341176,0,0.261314,0.133353,0.0032549,
0.598569,0.000843137,0,0.263804,0.133529,0.0032549,
0.59849,0.000156863,0,0.264451,0.133627,0.00327451,
0.598471,5.88235e-05,0,0.264471,0.133725,0.00327451,
0.598471,0,0,0.26449,0.133765,0.00327451,
0.59849,0,0,0.264451,0.133765,0.00329412,
0.598392,0,0,0.264392,0.133922,0.00329412,
0.598333,0,0,0.264255,0.134118,0.00329412,
0.598255,0,0,0.264176,0.134275,0.00329412,
0.598216,0,0,0.264118,0.134373,0.00329412,
0.598118,0,0,0.264118,0.134471,0.00329412,
0.598078,0,0,0.264,0.134608,0.00331373,
0.59802,0,0,0.263922,0.134745,0.00331373,
0.597745,0,0,0.263824,0.135118,0.00331373,
0.597588,0,0,0.263667,0.135431,0.00331373,
0.597569,0,0,0.263608,0.13551,0.00331373,
0.597588,0,0,0.263529,0.135569,0.00331373,
0.597529,0,0,0.263451,0.135706,0.00331373,
0.597647,0,0,0.263314,0.135725,0.00331373,
0.597588,0,0,0.263196,0.135902,0.00331373,
0.597549,0,0,0.263098,0.136039,0.00331373,
0.597627,0,0,0.263039,0.136,0.00333333,
0.597667,0,0,0.263,0.13598,0.00335294,
0.597686,0,0,0.262863,0.136098,0.00335294,
0.597588,0,0,0.262784,0.136255,0.00337255,
0.597588,0,0,0.262647,0.136392,0.00337255,
0.597667,0,0,0.262569,0.136392,0.00337255,
0.59749,0,0,0.262471,0.136667,0.00337255,
0.59751,0,0,0.262373,0.136745,0.00337255,
0.597471,0,0,0.262353,0.136804,0.00337255,
0.597451,0,0,0.262255,0.136922,0.00337255,
0.597451,0,0,0.262196,0.13698,0.00337255,
0.597471,0,0,0.262118,0.13702,0.00339216,
0.597431,0,0,0.262059,0.137118,0.00339216,
0.59751,0,0,0.261941,0.137157,0.00339216,
0.597353,0,0,0.261882,0.137353,0.00341176,
0.597333,0,0,0.261843,0.137392,0.00343137,
0.597333,0,0,0.261804,0.137431,0.00343137,
0.597294,0,0,0.261765,0.13751,0.00343137,
0.597275,0,0,0.261706,0.137588,0.00343137,
0.597275,0,0,0.261647,0.137647,0.00343137,
0.597216,0,0,0.261549,0.137804,0.00343137,
0.597137,0,0,0.26149,0.137941,0.00343137,
0.597137,0,0,0.261471,0.137961,0.00343137,
0.589647,0.0075098,0,0.261451,0.137961,0.00343137,
0.586667,0.00421569,0,0.26749,0.138196,0.00343137,
0.585725,0.00190196,0,0.270627,0.138314,0.00343137,
0.584529,0.00172549,0,0.272098,0.138216,0.00343137,
0.584392,0.000372549,0,0.273353,0.138451,0.00343137,
0.584333,3.92157e-05,0,0.273569,0.138627,0.00343137,
0.584294,1.96078e-05,0,0.273451,0.138784,0.00345098,
0.584294,0,0,0.273412,0.138843,0.00345098,
0.584235,1.96078e-05,0,0.273294,0.139,0.00345098,
0.584137,0,0,0.273294,0.139098,0.00347059,
0.584137,0,0,0.273216,0.139176,0.00347059,
0.58398,1.96078e-05,0,0.273118,0.139412,0.00347059,
0.583961,3.92157e-05,0,0.273039,0.139471,0.0034902,
0.583882,0,0,0.273039,0.139588,0.0034902,
0.583902,1.96078e-05,0,0.272941,0.139647,0.0034902,
0.580098,0.00388235,0,0.272863,0.139667,0.0034902,
0.580059,0.000901961,0,0.275745,0.139804,0.0034902,
0.580059,0.000137255,0,0.276431,0.139882,0.0034902,
0.57998,1.96078e-05,0,0.276471,0.140039,0.0034902,
0.579863,0,0,0.276373,0.140275,0.0034902,
0.579824,0,0,0.276235,0.140451,0.0034902,
0.579882,0,0,0.276176,0.140451,0.0034902,
0.579725,0,0,0.276118,0.140647,0.0035098,
0.579725,0,0,0.276039,0.140725,0.0035098,
0.579647,0,0,0.27598,0.140863,0.0035098,
0.579627,0,0,0.275922,0.140922,0.00352941,
0.579451,0,0,0.275863,0.141137,0.00354902,
0.579353,0,0,0.275804,0.141275,0.00356863,
0.579314,0,0,0.275686,0.141412,0.00358824,
0.579294,0,0,0.275608,0.14149,0.00360784,
0.579314,0,0,0.27549,0.141588,0.00360784,
0.579373,0,0,0.275451,0.141569,0.00360784,
0.579353,0,0,0.275412,0.141608,0.00362745,
0.579333,0,0,0.275314,0.141725,0.00362745,
0.579235,0,0,0.275294,0.141804,0.00366667,
0.579216,0,0,0.275216,0.141902,0.00366667,
0.579059,0,0,0.275137,0.142118,0.00368627,
0.579,0,0,0.275078,0.142235,0.00368627,
0.578941,0,0,0.275,0.142373,0.00368627,
0.578961,0,0,0.27498,0.142373,0.00368627,
0.579098,0,0,0.274902,0.142314,0.00368627,
0.57902,0,0,0.274843,0.142431,0.00370588,
0.578902,0,0,0.274667,0.142686,0.0037451,
0.579,0,0,0.274608,0.142647,0.0037451,
0.573804,0.00513725,0,0.274529,0.142784,0.0037451,
0.571667,0.00323529,0,0.278471,0.142882,0.0037451,
0.571686,0.000627451,0,0.28098,0.142961,0.0037451,
0.571039,0.00072549,0,0.281431,0.143059,0.0037451,
0.571,9.80392e-05,0,0.282,0.143157,0.0037451,
0.57102,5.88235e-05,0,0.282,0.143176,0.0037451,
0.57102,5.88235e-05,0,0.281941,0.143235,0.0037451,
0.570961,3.92157e-05,0,0.281882,0.143373,0.0037451,
0.570922,0,0,0.281784,0.143549,0.0037451,
0.570863,0,0,0.281667,0.143706,0.00376471,
0.570863,0,0,0.281588,0.143784,0.00376471,
0.570745,0,0,0.281451,0.144039,0.00376471,
0.570588,0,0,0.281373,0.144255,0.00378431,
0.570608,0,0,0.281353,0.144255,0.00378431,
0.570588,0,0,0.281255,0.144373,0.00378431,
0.570647,0,0,0.281216,0.144333,0.00380392,
0.570647,0,0,0.281118,0.144431,0.00380392,
0.570608,0,0,0.281,0.144588,0.00380392,
0.570588,0,0,0.280941,0.144667,0.00380392,
0.570706,0,0,0.280902,0.144588,0.00380392,
0.570686,0,0,0.280784,0.144706,0.00382353,
0.570706,0,0,0.280745,0.144725,0.00382353,
0.570686,0,0,0.280686,0.144784,0.00384314,
0.57049,0,0,0.280627,0.14502,0.00386275,
0.57049,0,0,0.280529,0.145098,0.00388235,
0.570431,0,0,0.280431,0.145255,0.00388235,
0.570333,0.000137255,0,0.280333,0.145314,0.00388235,
0.569039,0.00133333,0,0.280373,0.145373,0.00388235,
0.568804,0.000607843,0,0.281255,0.145431,0.00390196,
0.568725,7.84314e-05,0,0.281667,0.145627,0.00390196,
0.568824,3.92157e-05,0,0.281647,0.145588,0.00390196,
0.568843,3.92157e-05,0,0.281569,0.145647,0.00390196,
0.568667,1.96078e-05,0,0.281451,0.145961,0.00390196,
0.568647,5.88235e-05,0,0.281392,0.146,0.00390196,
0.568569,7.84314e-05,0,0.281412,0.146039,0.00390196,
0.568529,1.96078e-05,0,0.281412,0.146137,0.00390196,
0.568647,1.96078e-05,0,0.281373,0.146059,0.00390196,
0.568333,3.92157e-05,0,0.281333,0.146373,0.00392157,
0.568255,1.96078e-05,0,0.281314,0.14649,0.00392157,
0.568353,3.92157e-05,0,0.281137,0.146549,0.00392157,
0.568314,0,0,0.281078,0.146686,0.00392157,
0.568294,0,0,0.280922,0.146863,0.00392157,
0.568314,0,0,0.280843,0.146902,0.00394118,
0.568392,0,0,0.280686,0.14698,0.00394118,
0.568353,1.96078e-05,0,0.280549,0.147098,0.00398039,
0.568353,0,0,0.280471,0.147176,0.004,
0.568333,0,0,0.280333,0.147333,0.004,
0.568373,1.96078e-05,0,0.280294,0.147314,0.004,
0.568255,0,0,0.280157,0.147588,0.004,
0.568216,0,0,0.280137,0.147647,0.004,
0.568118,0,0,0.28,0.147882,0.004,
0.568137,1.96078e-05,0,0.279902,0.147941,0.004,
0.568196,0,0,0.279902,0.147902,0.004,
0.568157,0,0,0.279804,0.148039,0.004,
0.568078,5.88235e-05,0,0.279706,0.148157,0.004,
0.568118,0,0,0.279647,0.148235,0.004,
0.568176,0,0,0.27951,0.148314,0.004,
0.568196,3.92157e-05,0,0.279431,0.148333,0.004,
0.568196,1.96078e-05,0,0.279333,0.148451,0.004,
0.568039,1.96078e-05,0,0.279235,0.148706,0.004,
0.567843,0,0,0.279098,0.149039,0.00401961,
0.567569,0.00027451,0,0.278961,0.149157,0.00403922,
0.567529,0.000156863,0,0.279137,0.149137,0.00403922,
0.567353,0.000196078,0,0.279176,0.149235,0.00403922,
0.567294,0,0,0.279314,0.149353,0.00403922,
0.567216,0,0,0.279216,0.149529,0.00403922,
0.567137,0,0,0.279118,0.149706,0.00403922,
0.56702,1.96078e-05,0,0.279059,0.149863,0.00403922,
0.566941,0,0,0.27902,0.15,0.00403922,
0.566706,0,0,0.27898,0.150255,0.00405882,
0.566765,3.92157e-05,0,0.278882,0.150255,0.00405882,
0.566745,1.96078e-05,0,0.278824,0.150353,0.00405882,
0.566725,0,0,0.278784,0.150431,0.00405882,
0.566706,3.92157e-05,0,0.278745,0.150431,0.00407843,
0.566667,1.96078e-05,0,0.278725,0.15051,0.00407843,
0.566667,0,0,0.278647,0.150608,0.00407843,
0.566569,1.96078e-05,0,0.278412,0.150922,0.00407843,
0.566529,0,0,0.278373,0.15102,0.00407843,
0.566431,0,0,0.278275,0.151216,0.00407843,
0.566431,1.96078e-05,0,0.278216,0.151255,0.00407843,
0.566373,0,0,0.278137,0.151392,0.00409804,
0.566471,0,0,0.278039,0.151373,0.00411765,
0.566314,3.92157e-05,0,0.27802,0.15151,0.00411765,
0.566333,0,0,0.27798,0.151569,0.00411765,
0.566294,1.96078e-05,0,0.277863,0.151706,0.00411765,
0.566157,1.96078e-05,0,0.277784,0.151902,0.00413725,
0.566078,5.88235e-05,0,0.277627,0.152098,0.00413725,
0.565902,1.96078e-05,0,0.277667,0.152275,0.00413725,
0.565863,1.96078e-05,0,0.277647,0.152314,0.00415686,
0.565824,1.96078e-05,0,0.277569,0.152431,0.00415686,
0.565784,0,0,0.277471,0.152569,0.00417647,
0.565706,1.96078e-05,0,0.277333,0.152765,0.00417647,
0.565706,0,0,0.277255,0.152863,0.00417647,
0.565667,1.96078e-05,0,0.277137,0.15298,0.00419608,
0.565706,3.92157e-05,0,0.277118,0.152941,0.00419608,
0.565706,3.92157e-05,0,0.277078,0.15298,0.00419608,
0.565784,1.96078e-05,0,0.27702,0.15298,0.00419608,
0.565706,1.96078e-05,0,0.27702,0.153059,0.00419608,
0.565804,0,0,0.276961,0.15302,0.00421569,
0.565588,1.96078e-05,0,0.276863,0.153314,0.00421569,
0.565569,0,0,0.276706,0.15351,0.00421569,
0.565627,1.96078e-05,0,0.276627,0.15351,0.00421569,
0.565569,0,0,0.276569,0.153647,0.00421569,
0.56549,1.96078e-05,0,0.276569,0.153706,0.00421569,
0.565471,1.96078e-05,0,0.27651,0.153765,0.00423529,
0.565412,1.96078e-05,0,0.276471,0.153863,0.00423529,
0.56551,1.96078e-05,0,0.276392,0.153843,0.00423529,
0.565471,1.96078e-05,0,0.276373,0.153902,0.00423529,
0.565471,0,0,0.276333,0.153961,0.00423529,
0.565392,3.92157e-05,0,0.276235,0.154098,0.00423529,
0.56549,1.96078e-05,0,0.276216,0.154039,0.00423529,
0.565353,1.96078e-05,0,0.276176,0.154216,0.00423529,
0.565353,1.96078e-05,0,0.276196,0.154196,0.00423529,
0.565235,0,0,0.276137,0.154373,0.0042549,
0.565314,0,0,0.276098,0.154333,0.0042549,
0.565275,0,0,0.276,0.154471,0.0042549,
0.565373,1.96078e-05,0,0.275843,0.15451,0.0042549,
0.565412,0,0,0.275765,0.154549,0.00427451,
0.565314,0,0,0.275725,0.154686,0.00427451,
0.565216,3.92157e-05,0,0.275588,0.154882,0.00427451,
0.565157,0,0,0.27551,0.155059,0.00427451,
0.565118,0,0,0.275373,0.155235,0.00427451,
0.565,0,0,0.275294,0.155431,0.00427451,
0.564843,0,0,0.275216,0.155647,0.00429412,
0.564667,3.92157e-05,0,0.275176,0.155824,0.00429412,
0.564627,1.96078e-05,0,0.275098,0.155961,0.00429412,
0.564569,1.96078e-05,0,0.275078,0.156039,0.00429412,
0.564647,0,0,0.275039,0.15602,0.00429412,
0.564745,0,0,0.27498,0.15598,0.00429412,
0.564784,1.96078e-05,0,0.274863,0.156,0.00433333,
0.564667,1.96078e-05,0,0.274784,0.156196,0.00433333,
0.564608,0,0,0.274804,0.156255,0.00433333,
0.56449,1.96078e-05,0,0.274765,0.156392,0.00433333,
0.564373,1.96078e-05,0,0.274627,0.156647,0.00433333,
0.564294,0,0,0.274608,0.156765,0.00433333,
0.564196,7.84314e-05,0,0.274392,0.15698,0.00435294,
0.564039,1.96078e-05,0,0.274431,0.157157,0.00435294,
0.564157,1.96078e-05,0,0.274353,0.157118,0.00435294,
0.564157,0,0,0.274294,0.157196,0.00435294,
0.564176,0,0,0.274235,0.157216,0.00437255,
0.564216,0,0,0.274157,0.157255,0.00437255,
0.564255,0,0,0.274098,0.157275,0.00437255,
0.564235,1.96078e-05,0,0.273961,0.157392,0.00439216,
0.563804,0.000411765,0,0.273863,0.15751,0.00441176,
0.563843,0.000137255,0,0.274078,0.157529,0.00441176,
0.563314,0.000588235,0,0.274078,0.157608,0.00441176,
0.563314,0.000196078,0,0.274471,0.157608,0.00441176,
0.563314,3.92157e-05,0,0.274529,0.157706,0.00441176,
0.563314,1.96078e-05,0,0.274451,0.157804,0.00441176,
0.563373,1.96078e-05,0,0.274373,0.157824,0.00441176,
0.563294,3.92157e-05,0,0.274333,0.157922,0.00441176,
0.563353,1.96078e-05,0,0.274255,0.157961,0.00441176,
0.563412,1.96078e-05,0,0.274157,0.158,0.00441176,
0.563392,1.96078e-05,0,0.274078,0.158098,0.00441176,
0.563412,1.96078e-05,0,0.274039,0.158118,0.00441176,
0.563373,0,0,0.273922,0.158275,0.00443137,
0.563235,1.96078e-05,0,0.273804,0.15851,0.00443137,
0.563275,0,0,0.273706,0.158588,0.00443137,
0.563216,0,0,0.273667,0.158686,0.00443137,
0.563255,1.96078e-05,0,0.273588,0.158706,0.00443137,
0.563196,5.88235e-05,0,0.273588,0.158706,0.00445098,
0.563,1.96078e-05,0,0.273529,0.159,0.00445098,
0.56298,1.96078e-05,0,0.273392,0.159157,0.00445098,
0.562941,1.96078e-05,0,0.273333,0.159255,0.00445098,
0.563059,0,0,0.273314,0.159176,0.00445098,
0.562824,1.96078e-05,0,0.273235,0.159471,0.00445098,
0.562745,0,0,0.273118,0.159686,0.00445098,
0.562863,0,0,0.27298,0.159706,0.00445098,
0.562863,0,0,0.272824,0.159863,0.00445098,
0.562706,1.96078e-05,0,0.272804,0.16002,0.00445098,
0.562608,0,0,0.272745,0.160176,0.00447059,
0.562431,1.96078e-05,0,0.272627,0.160451,0.00447059,
0.56249,0,0,0.272569,0.160471,0.00447059,
0.562608,3.92157e-05,0,0.27249,0.160392,0.00447059,
0.562608,3.92157e-05,0,0.272392,0.16049,0.00447059,
0.562647,1.96078e-05,0,0.272314,0.160549,0.00447059,
0.562686,3.92157e-05,0,0.272294,0.16049,0.0044902,
0.562608,3.92157e-05,0,0.272196,0.160667,0.0044902,
0.562431,0,0,0.272137,0.160941,0.0044902,
0.562353,0,0,0.272098,0.161039,0.0045098,
0.562294,0,0,0.272039,0.161157,0.0045098,
0.562235,1.96078e-05,0,0.271902,0.161333,0.0045098,
0.562098,3.92157e-05,0,0.271843,0.161471,0.00454902,
0.562118,1.96078e-05,0,0.271765,0.161549,0.00454902,
0.562157,1.96078e-05,0,0.271725,0.161549,0.00454902,
0.562059,0,0,0.271667,0.161706,0.00456863,
0.562039,0,0,0.271588,0.161804,0.00456863,
0.562118,1.96078e-05,0,0.271529,0.161745,0.00458824,
0.562176,3.92157e-05,0,0.27151,0.161686,0.00458824,
0.562216,1.96078e-05,0,0.27149,0.161667,0.00460784,
0.56202,0,0,0.271451,0.161922,0.00460784,
0.561843,3.92157e-05,0,0.271353,0.162137,0.00462745,
0.561784,1.96078e-05,0,0.271353,0.162216,0.00462745,
0.561765,1.96078e-05,0,0.271333,0.162235,0.00464706,
0.561882,0,0,0.271314,0.162137,0.00466667,
0.561824,0,0,0.271255,0.162255,0.00466667,
0.561765,0,0,0.271118,0.162451,0.00466667,
0.561941,0,0,0.271,0.162392,0.00466667,
0.561941,1.96078e-05,0,0.270882,0.162471,0.00468627,
0.561961,3.92157e-05,0,0.270882,0.162431,0.00468627,
0.561961,1.96078e-05,0,0.270804,0.162529,0.00468627,
0.56202,0,0,0.270745,0.162549,0.00468627,
0.562039,0,0,0.270706,0.162569,0.00468627,
0.56202,1.96078e-05,0,0.270686,0.162588,0.00468627,
0.562039,1.96078e-05,0,0.270608,0.162627,0.00470588,
0.561843,0,0,0.270549,0.162902,0.00470588,
0.561804,0,0,0.270471,0.16302,0.00470588,
0.561843,1.96078e-05,0,0.270373,0.163059,0.00470588,
0.561863,1.96078e-05,0,0.270314,0.163098,0.00470588,
0.561863,3.92157e-05,0,0.270235,0.163137,0.00472549,
0.561784,3.92157e-05,0,0.270196,0.163255,0.00472549,
0.561863,3.92157e-05,0,0.270137,0.163235,0.00472549,
0.561725,1.96078e-05,0,0.270078,0.163431,0.0047451,
0.561667,0,0,0.269961,0.163627,0.0047451,
0.561647,1.96078e-05,0,0.269843,0.163725,0.00476471,
0.561588,0,0,0.269784,0.163843,0.00478431,
0.561588,1.96078e-05,0,0.269667,0.163941,0.00478431,
0.561549,3.92157e-05,0,0.269627,0.164,0.00478431,
0.56149,0,0,0.269608,0.164118,0.00478431,
0.561549,0,0,0.269588,0.164078,0.00478431,
0.561529,3.92157e-05,0,0.26951,0.164137,0.00478431,
0.561588,5.88235e-05,0,0.269451,0.164118,0.00478431,
0.56149,1.96078e-05,0,0.269431,0.164275,0.00478431,
0.561275,1.96078e-05,0,0.269373,0.164529,0.00480392,
0.561294,0,0,0.269333,0.164529,0.00484314,
0.561275,0,0,0.269255,0.164627,0.00484314,
0.561255,0,0,0.269216,0.164686,0.00484314,
0.561314,0,0,0.269176,0.164647,0.00486275,
0.561294,0,0,0.269039,0.164804,0.00486275,
0.561098,0,0,0.268941,0.165098,0.00486275,
0.561078,1.96078e-05,0,0.268843,0.165176,0.00488235,
0.560824,3.92157e-05,0,0.268824,0.165431,0.00488235,
0.560784,1.96078e-05,0,0.268784,0.165529,0.00488235,
0.560667,0,0,0.268804,0.165647,0.00488235,
0.560667,0,0,0.268706,0.165745,0.00488235,
0.560608,0,0,0.268647,0.165843,0.00490196,
0.560667,0,0,0.268549,0.165882,0.00490196,
0.560745,0,0,0.268431,0.165902,0.00492157,
0.560725,1.96078e-05,0,0.268333,0.166,0.00492157,
0.560882,0,0,0.268314,0.165882,0.00492157,
0.560804,0,0,0.268235,0.16602,0.00494118,
0.560804,1.96078e-05,0,0.268196,0.16602,0.00496078,
0.560627,9.80392e-05,0,0.268098,0.166216,0.00496078,
0.560451,1.96078e-05,0,0.268059,0.16651,0.00496078,
0.56051,1.96078e-05,0,0.267961,0.166549,0.00496078,
0.560412,3.92157e-05,0,0.267863,0.166706,0.00498039,
0.560196,1.96078e-05,0,0.267824,0.16698,0.00498039,
0.560157,1.96078e-05,0,0.267706,0.167118,0.005,
0.560216,0,0,0.267647,0.167137,0.005,
0.560137,0,0,0.267588,0.167275,0.005,
0.560137,3.92157e-05,0,0.267529,0.167275,0.00501961,
0.560275,3.92157e-05,0,0.26749,0.167176,0.00501961,
0.560176,7.84314e-05,0,0.267412,0.167294,0.00503922,
0.560216,0,0,0.267412,0.167333,0.00503922,
0.560196,0,0,0.267294,0.167471,0.00503922,
0.560118,0,0,0.267157,0.167686,0.00503922,
0.560098,0,0,0.267118,0.167745,0.00503922,
0.560059,1.96078e-05,0,0.26698,0.167902,0.00503922,
0.56,0,0,0.266941,0.168,0.00505882,
0.560059,0,0,0.266843,0.16802,0.00507843,
0.560216,0,0,0.266706,0.168,0.00507843,
0.560176,1.96078e-05,0,0.266627,0.168098,0.00507843,
0.560216,0,0,0.266627,0.168059,0.00509804,
0.560157,1.96078e-05,0,0.266451,0.168275,0.00509804,
0.560118,0,0,0.266392,0.168392,0.00509804,
0.560118,1.96078e-05,0,0.266314,0.168451,0.00509804,
0.55998,1.96078e-05,0,0.266255,0.168647,0.00509804,
0.560235,0,0,0.266196,0.168471,0.00509804,
0.558941,0.00137255,0,0.266118,0.168471,0.00509804,
0.557941,0.00121569,0,0.267216,0.168529,0.00509804,
0.558039,0.000333333,0,0.268039,0.16849,0.00509804,
0.558,3.92157e-05,0,0.268235,0.168627,0.00509804,
0.557843,1.96078e-05,0,0.268137,0.168902,0.00509804,
0.557902,0,0,0.268098,0.168902,0.00509804,
0.557882,0,0,0.26798,0.169039,0.00509804,
0.557922,0,0,0.267941,0.169039,0.00509804,
0.558098,0,0,0.267902,0.168902,0.00509804,
0.55798,0,0,0.267804,0.169118,0.00509804,
0.558059,0,0,0.267667,0.169176,0.00509804,
0.558098,1.96078e-05,0,0.267588,0.169176,0.00511765,
0.558078,0,0,0.267569,0.169235,0.00511765,
0.558039,1.96078e-05,0,0.26749,0.169333,0.00511765,
0.557941,1.96078e-05,0,0.267431,0.169471,0.00513725,
0.557608,0.000372549,0,0.267353,0.169529,0.00513725,
0.557235,0.000431373,0,0.267627,0.169549,0.00515686,
0.553451,0.00401961,0,0.267843,0.169529,0.00515686,
0.553569,0.001,0,0.270804,0.169471,0.00515686,
0.553647,0.000196078,0,0.27151,0.16949,0.00515686,
0.553686,1.96078e-05,0,0.271608,0.169529,0.00515686,
0.553706,1.96078e-05,0,0.271549,0.169529,0.00519608,
0.553627,0,0,0.271451,0.169725,0.00519608,
0.553784,0,0,0.271431,0.169588,0.00519608,
0.553804,1.96078e-05,0,0.271353,0.169608,0.00521569,
0.553824,3.92157e-05,0,0.271294,0.169608,0.00523529,
0.553784,0,0,0.271235,0.169745,0.00523529,
0.553745,3.92157e-05,0,0.271098,0.169882,0.00523529,
0.553706,3.92157e-05,0,0.271039,0.16998,0.00523529,
0.553627,1.96078e-05,0,0.27098,0.170137,0.00523529,
0.553647,0,0,0.270824,0.170275,0.0052549,
0.553588,0,0,0.270647,0.17051,0.0052549,
0.553569,0,0,0.270569,0.170608,0.0052549,
0.553569,0,0,0.27049,0.170686,0.0052549,
0.553667,0,0,0.270431,0.170647,0.0052549,
0.553608,1.96078e-05,0,0.270353,0.170765,0.0052549,
0.553784,0,0,0.270235,0.170706,0.00527451,
0.553725,0,0,0.270176,0.170824,0.00527451,
0.553882,0,0,0.270118,0.170725,0.00527451,
0.553824,1.96078e-05,0,0.270059,0.170824,0.00527451,
0.553843,1.96078e-05,0,0.26998,0.170882,0.00527451,
0.554078,0,0,0.269902,0.170725,0.00529412,
0.554137,0,0,0.269824,0.170745,0.00529412,
0.554294,1.96078e-05,0,0.269725,0.170667,0.00529412,
0.554294,3.92157e-05,0,0.269627,0.170745,0.00529412,
0.554333,3.92157e-05,0,0.269588,0.170745,0.00529412,
0.554471,1.96078e-05,0,0.269392,0.170824,0.00529412,
0.554431,1.96078e-05,0,0.269392,0.170863,0.00529412,
0.554451,3.92157e-05,0,0.269353,0.170863,0.00529412,
0.554431,0,0,0.269275,0.171,0.00529412,
0.554353,1.96078e-05,0,0.269137,0.171196,0.00529412,
0.554333,1.96078e-05,0,0.269039,0.171314,0.00529412,
0.55449,1.96078e-05,0,0.268902,0.171255,0.00533333,
0.554431,0,0,0.268863,0.171373,0.00533333,
0.554392,1.96078e-05,0,0.268804,0.171451,0.00533333,
0.554353,1.96078e-05,0,0.268784,0.17149,0.00535294,
0.554294,1.96078e-05,0,0.268765,0.171549,0.00537255,
0.554451,0,0,0.268725,0.171451,0.00537255,
0.55449,0,0,0.268588,0.171549,0.00537255,
0.554412,3.92157e-05,0,0.26849,0.171667,0.00539216,
0.554373,0,0,0.268412,0.171824,0.00539216,
0.554353,0,0,0.268333,0.171922,0.00539216,
0.554333,0,0,0.268216,0.172059,0.00539216,
0.554235,0,0,0.268196,0.172157,0.00541176,
0.554314,0,0,0.268137,0.172137,0.00541176,
0.554314,3.92157e-05,0,0.26802,0.172216,0.00541176,
0.554353,3.92157e-05,0,0.268,0.172176,0.00543137,
0.554314,1.96078e-05,0,0.267882,0.172333,0.00545098,
0.554216,3.92157e-05,0,0.267863,0.172431,0.00545098,
0.554275,1.96078e-05,0,0.267824,0.172412,0.00547059,
0.554137,1.96078e-05,0,0.267706,0.172647,0.0054902,
0.554078,0,0,0.267667,0.172765,0.0054902,
0.554039,0,0,0.267627,0.172804,0.00552941,
0.554137,0,0,0.267569,0.172765,0.00552941,
0.554176,0,0,0.267471,0.172804,0.00554902,
0.554255,1.96078e-05,0,0.267412,0.172765,0.00554902,
0.554137,1.96078e-05,0,0.267412,0.172882,0.00554902,
0.554078,0,0,0.267373,0.173,0.00554902,
0.554039,0,0,0.267275,0.173137,0.00554902,
0.553882,0,0,0.267157,0.173412,0.00554902,
0.553922,0,0,0.267039,0.17349,0.00554902,
0.553961,0,0,0.267,0.173451,0.00558824,
0.553961,0,0,0.266941,0.17351,0.00558824,
0.554078,0,0,0.266882,0.173451,0.00558824,
0.553706,0.000294118,0,0.266804,0.173608,0.00558824,
0.553647,5.88235e-05,0,0.266941,0.173765,0.00558824,
0.55349,5.88235e-05,0,0.266824,0.174039,0.00558824,
0.553549,1.96078e-05,0,0.266804,0.174039,0.00558824,
0.553569,1.96078e-05,0,0.266784,0.17402,0.00560784,
0.553529,0,0,0.266765,0.174098,0.00560784,
0.553431,1.96078e-05,0,0.266686,0.174255,0.00560784,
0.553392,0,0,0.266549,0.174451,0.00560784,
0.553412,0,0,0.266451,0.174529,0.00560784,
0.553569,0,0,0.266392,0.174431,0.00560784,
0.553529,0,0,0.266275,0.174588,0.00560784,
0.553706,0,0,0.266216,0.174471,0.00560784,
0.553804,0,0,0.266157,0.174431,0.00560784,
0.553961,0,0,0.266059,0.174373,0.00560784,
0.554059,0,0,0.26598,0.174353,0.00560784,
0.554157,0,0,0.265961,0.174255,0.00562745,
0.554176,0,0,0.265863,0.174333,0.00562745,
0.554196,0,0,0.265804,0.174373,0.00562745,
0.554157,0,0,0.265706,0.17451,0.00562745,
0.554235,0,0,0.265608,0.174529,0.00562745,
0.554255,0,0,0.26551,0.174608,0.00562745,
0.554255,0,0,0.26549,0.174627,0.00562745,
0.554275,0,0,0.265373,0.174725,0.00562745,
0.554157,0,0,0.265196,0.17502,0.00562745,
0.554176,0,0,0.265098,0.175078,0.00564706,
0.554216,0,0,0.265078,0.175059,0.00564706,
0.554353,0,0,0.264941,0.175059,0.00564706,
0.554353,0,0,0.264863,0.175137,0.00564706,
0.554196,0,0,0.264765,0.175392,0.00564706,
0.554255,0,0,0.264706,0.175392,0.00564706,
0.554294,0,0,0.264647,0.175412,0.00564706,
0.554392,0,0,0.264608,0.175353,0.00564706,
0.554412,0,0,0.264549,0.175353,0.00568627,
0.554294,0,0,0.264412,0.175608,0.00568627,
0.554314,0,0,0.264373,0.175627,0.00568627,
0.554137,0,0,0.264333,0.175843,0.00568627,
0.554137,0,0,0.264255,0.175922,0.00568627,
0.554216,0,0,0.264157,0.175941,0.00568627,
0.554196,0,0,0.264118,0.176,0.00568627,
0.554176,0,0,0.26402,0.176098,0.00570588,
0.554137,0,0,0.263961,0.176196,0.00570588,
0.55402,0,0,0.263804,0.176471,0.00570588,
0.553961,0,0,0.263745,0.176569,0.00572549,
0.553922,0,0,0.263686,0.176667,0.00572549,
0.554039,0,0,0.263627,0.176588,0.0057451,
0.554176,0,0,0.263549,0.17651,0.00576471,
0.554314,0,0,0.263451,0.176471,0.00576471,
0.554333,0,0,0.263373,0.17651,0.00578431,
0.554314,0,0,0.263235,0.176667,0.00578431,
0.554333,0,0,0.263216,0.176667,0.00578431,
0.554392,0,0,0.263157,0.176667,0.00578431,
0.554647,0,0,0.263059,0.17651,0.00578431,
0.554667,0,0,0.262882,0.176647,0.00580392,
0.554569,0,0,0.262745,0.176882,0.00580392,
0.554686,0,0,0.262608,0.176902,0.00580392,
0.554686,0,0,0.262588,0.176922,0.00580392,
0.554843,0,0,0.262549,0.176804,0.00580392,
0.555039,0,0,0.262471,0.176686,0.00580392,
0.555118,0,0,0.262373,0.176706,0.00580392,
0.555078,0,0,0.262314,0.176784,0.00582353,
0.554922,0,0,0.262275,0.17698,0.00582353,
0.554804,0,0,0.262157,0.177216,0.00582353,
0.554784,0,0,0.262098,0.177294,0.00582353,
0.554745,0,0,0.26202,0.177412,0.00582353,
0.554804,0,0,0.261941,0.177431,0.00582353,
0.554863,0,0,0.261824,0.17749,0.00582353,
0.55502,0,0,0.261765,0.177392,0.00582353,
0.554961,0,0,0.261627,0.177588,0.00582353,
0.554882,0,0,0.261588,0.177706,0.00582353,
0.555,0,0,0.26149,0.177686,0.00582353,
0.555039,0,0,0.261392,0.177706,0.00586275,
0.555078,0,0,0.261294,0.177745,0.00588235,
0.555157,0,0,0.261216,0.177745,0.00588235,
0.555216,0,0,0.261176,0.177725,0.00588235,
0.555373,0,0,0.261137,0.177608,0.00588235,
0.555412,0,0,0.261039,0.177647,0.00590196,
0.555412,0,0,0.26102,0.177667,0.00590196,
0.555451,0,0,0.260922,0.177706,0.00592157,
0.555412,0,0,0.260882,0.177784,0.00592157,
0.555314,0,0,0.260843,0.177922,0.00592157,
0.555314,0,0,0.260765,0.178,0.00592157,
0.555235,0,0,0.260627,0.178216,0.00592157,
0.555216,0,0,0.260451,0.178412,0.00592157,
0.555216,0,0,0.260353,0.17851,0.00592157,
0.555216,0,0,0.260118,0.178745,0.00592157,
0.555196,0,0,0.260118,0.178745,0.00594118,
0.555255,0,0,0.260039,0.178765,0.00594118,
0.555176,0,0,0.26,0.178882,0.00594118,
0.555255,0,0,0.259941,0.178843,0.00596078,
0.555196,0,0,0.259843,0.179,0.00596078,
0.555314,0,0,0.259725,0.17898,0.00598039,
0.555255,0,0,0.259588,0.179176,0.00598039,
0.555314,0,0,0.259549,0.179157,0.00598039,
